[
	{
		"model": "denhaag.campaign",
		"pk": 1,
		"fields": {
			"title": "Stop de zwarte lijst",
			"title_slug": "stop_de_zwarte_lijst",
			"subtitle": "<i>\"Niet verbergen maar verwijderen\"</i>",
			"hashtag": "#stopdezwartelijst",
			"start_date": "2010-10-24",
			"end_date": "2011-10-24",
			"pica": "photos/2010/10/24/henk.jpg",
			"intro": "Gefaciliteerd door het Ministerie van Justitie werken de grootste internetproviders samen aan het blokkeren van een zwarte lijst met verboden websites met afbeeldingen van seksueel kindermisbruik. Het project is met geheimzinnigheid omgeven, het doel en de effectiviteit is niet duidelijk en nog belangrijker het werkt averechts. Want de afbeeldingen van seksueel kindermisbruik blijven online staan, de criminelen worden niet opgespoord en de geldstromen worden niet stilgelegd. <br><br> Dit moet anders. Nederland moet afbeeldingen van seksueel misbruik verwijderen, niet verbergen. De Tweede Kamer moet niet accepteren dat haar bevoegdheid op deze manier wordt omzeild, en dat een excuus wordt gegeven aan de politie om deze afschuwelijke afbeeldingen op het internet te laten staan."
		}
	},
	{
	    "model": "denhaag.Party",
	    "pk": 1,
	    "fields":{
	      "name": "Partij voor de vrijheid  (PVV)",
		    "pica": "images/partij_logos/pvv.gif"
	    }
	  },{
	    "model": "denhaag.Party",
	    "pk": 2,
	    "fields":{
	      "name": "Partij van de Arbeid  (PVDA)",
		    "pica": "images/partij_logos/pvda.gif"
	    }
	  },{
	    "model": "denhaag.Party",
	    "pk": 3,
	    "fields":{
	      "name": "Volkspartij voor Vrijheid en Democratie  (VVD)",
		    "pica": "images/partij_logos/vvd.gif"
	    }
	  },{
	    "model": "denhaag.Party",
	    "pk": 4,
	    "fields":{
	      "name": "Socialistische Partij  (SP)",
		    "pica": "images/partij_logos/sp.gif"
	    }
	  },{
	    "model": "denhaag.Party",
	    "pk": 5,
	    "fields":{
	      "name": "Democraten 66  (D66)",
		    "pica": "images/partij_logos/d66.gif"
	    }
	  },{
	    "model": "denhaag.Party",
	    "pk": 6,
	    "fields":{
	      "name": "Christen Democratisch Appel  (CDA)",
		    "pica": "images/partij_logos/cda.gif"
	    }
	  },{
	    "model": "denhaag.Party",
	    "pk": 7,
	    "fields":{
	      "name": "GroenLinks  (GL)",
		    "pica": "images/partij_logos/gl.gif"
	    }
	  },{
	    "model": "denhaag.Party",
	    "pk": 8,
	    "fields":{
	      "name": "Staatkundig Gereformeerde Partij  (SGP)",
		    "pica": "images/partij_logos/sgp.gif"
	    }
	  },{
	    "model": "denhaag.Party",
	    "pk": 9,
	    "fields":{
	      "name": "ChristenUnie  (CU)",
		    "pica": "images/partij_logos/cu.gif"
	    }
	  },{
	    "model": "denhaag.Party",
	    "pk": 10,
	    "fields":{
	      "name": "Partij voor de dieren  (PVDD)",
		    "pica": "images/partij_logos/pvdd.gif"
	    }
	  },{
    "model": "denhaag.Politician",
    "pk": 1,
    "fields":{
      "name":"Fleur Agema",
      "party": 1,
      "desc": "Actief in: Volkshuisvesting, Ruimtelijke Ordening en Milieubeheer,Verkeer en Waterstaat,Volksgezondheid, Welzijn en Sport,Bouwbegeleidingscommissie,Presidium",
      "gender": "F",
	    "pica": "politici/Fleur Agema.jpg"
    }
  },{
    "model": "denhaag.Politician",
    "pk": 2,
    "fields":{
      "name":"Nebahat Albayrak",
      "party": 2,
      "desc": "Actief in: Europese Zaken,Economische Zaken,Justitie,Landbouw, Natuur en Voedselkwaliteit",
      "gender": "F",
	    "pica": "politici/Nebahat Albayrak.jpg"
    }
  },{
    "model": "denhaag.Politician",
    "pk": 3,
    "fields":{
      "name":"Charlie Aptroot",
      "party": 3,
      "desc": "Actief in: Economische Zaken,Sociale Zaken en Werkgelegenheid,Volkshuisvesting, Ruimtelijke Ordening en Milieubeheer,Verkeer en Waterstaat,Bouwbegeleidingscommissie",
      "gender": "M",
	    "pica": "politici/Charlie Aptroot.jpg"
    }
  },{
    "model": "denhaag.Politician",
    "pk": 4,
    "fields":{
      "name":"Khadija Arib",
      "party": 2,
      "desc": "Actief in: Wonen, Wijken en Integratie,Buitenlandse Zaken,Defensie,Volksgezondheid, Welzijn en Sport,Jeugd en Gezin,Delegatie naar de Euro-Mediterrane Parlementaire Assemblee,Presidium",
      "gender": "F",
	    "pica": "politici/Khadija Arib.jpg"
    }
  },{
    "model": "denhaag.Politician",
    "pk": 5,
    "fields":{
      "name":"Malik Azmani",
      "party": 3,
      "desc": "Actief in: Financiën,Justitie,Nederlands-Antilliaanse en Arubaanse Zaken,Sociale Zaken en Werkgelegenheid,Jeugd en Gezin",
      "gender": "M",
	    "pica": "politici/Malik Azmani.jpg"
    }
  },{
    "model": "denhaag.Politician",
    "pk": 6,
    "fields":{
      "name":"Farshad Bashir",
      "party": 4,
      "desc": "Actief in: Wonen, Wijken en Integratie,Financiën,Landbouw, Natuur en Voedselkwaliteit,Nederlands-Antilliaanse en Arubaanse Zaken,Rijksuitgaven,Volkshuisvesting, Ruimtelijke Ordening en Milieubeheer,Verkeer en Waterstaat",
      "gender": "M",
	    "pica": "politici/Farshad Bashir.jpg"
    }
  },{
    "model": "denhaag.Politician",
    "pk": 7,
    "fields":{
      "name":"Willibrord van Beek",
      "party": 3,
      "desc": "Actief in: Buitenlandse Zaken,Binnenlandse Zaken en Koninkrijksrelaties,Defensie,Rijksuitgaven",
      "gender": "M",
	    "pica": "politici/Willibrord van Beek.jpg"
    }
  },{
    "model": "denhaag.Politician",
    "pk": 8,
    "fields":{
      "name":"Harm Beertema",
      "party": 1,
      "desc": "Actief in: Financiën,Onderwijs, Cultuur en Wetenschap,Rijksuitgaven,Volksgezondheid, Welzijn en Sport,Jeugd en Gezin",
      "gender": "M",
	    "pica": "politici/Harm Beertema.jpg"
    }
  },{
    "model": "denhaag.Politician",
    "pk": 9,
    "fields":{
      "name":"Jhim van Bemmel",
      "party": 1,
      "desc": "Actief in: Economische Zaken,Financiën,Landbouw, Natuur en Voedselkwaliteit,Rijksuitgaven,Volkshuisvesting, Ruimtelijke Ordening en Milieubeheer,Contactgroep Frankrijk,Strategisch Overleg Informatievoorziening",
      "gender": "M",
	    "pica": "politici/Jhim van Bemmel.jpg"
    }
  },{
    "model": "denhaag.Politician",
    "pk": 10,
    "fields":{
      "name":"Magda Berndsen",
      "party": 5,
      "desc": "Actief in: Binnenlandse Zaken en Koninkrijksrelaties,Defensie,Justitie,Jeugd en Gezin,Presidium,Commissie voor de Werkwijze",
      "gender": "F",
	    "pica": "politici/Magda Berndsen.jpg"
    }
  },{
    "model": "denhaag.Politician",
    "pk": 11,
    "fields":{
      "name":"Ank Bijleveld-Schouten",
      "party": 6,
      "desc": "Actief in: Vergaderingen,Plenaire vergaderingen,Commissievergaderingen,Live debatten",
      "gender": "F",
	    "pica": "politici/Ank Bijleveld-Schouten.jpg"
    }
  },{
    "model": "denhaag.Politician",
    "pk": 12,
    "fields":{
      "name":"Jack Biskop",
      "party": 6,
      "desc": "Actief in: Delegatie naar de Raadgevende Interparlementaire Beneluxraad",
      "gender": "M",
	    "pica": "politici/Jack Biskop.jpg"
    }
  },{
    "model": "denhaag.Politician",
    "pk": 13,
    "fields":{
      "name":"Elly Blanksma-van den Heuvel",
      "party": 6,
      "desc": "Actief in: Defensie,Economische Zaken,Financiën,Rijksuitgaven,Sociale Zaken en Werkgelegenheid,Jeugd en Gezin,Delegatie naar de Raadgevende Interparlementaire Beneluxraad,Commissie voor de Verzoekschriften en de Burgerinitiatieven",
      "gender": "F",
	    "pica": "politici/Elly Blanksma-van den Heuvel.jpg"
    }
  },{
    "model": "denhaag.Politician",
    "pk": 14,
    "fields":{
      "name":"Stef Blok",
      "party": 3,
      "desc": "Actief in: Defensie,Financiën,Rijksuitgaven,Sociale Zaken en Werkgelegenheid,Jeugd en Gezin,Contactgroep Frankrijk,Presidium,Commissie voor de Verzoekschriften en de Burgerinitiatieven",
      "gender": "M",
	    "pica": "politici/Stef Blok.jpg"
    }
  },{
    "model": "denhaag.Politician",
    "pk": 15,
    "fields":{
      "name":"Bas Jan Van Bochove",
      "party": 6,
      "desc": "Actief in: Vergaderingen,Plenaire vergaderingen,Commissievergaderingen,Live debatten",
      "gender": "M",
	    "pica": "politici/Bas Jan Van Bochove.jpg"
    }
  },{
    "model": "denhaag.Politician",
    "pk": 16,
    "fields":{
      "name":"Betty de Boer",
      "party": 3,
      "desc": "Actief in: Wonen, Wijken en Integratie,Financiën,Volkshuisvesting, Ruimtelijke Ordening en Milieubeheer,Jeugd en Gezin",
      "gender": "F",
	    "pica": "politici/Betty de Boer.jpg"
    }
  },{
    "model": "denhaag.Politician",
    "pk": 17,
    "fields":{
      "name":"Harry van Bommel",
      "party": 4,
      "desc": "Actief in: Buitenlandse Zaken,Binnenlandse Zaken en Koninkrijksrelaties,Defensie,Nederlands-Antilliaanse en Arubaanse Zaken,Onderwijs, Cultuur en Wetenschap,Delegatie naar de Navo Assemblee,Delegatie naar de OVSE-Assemblee,Presidium,Commissie voor de Werkwijze",
      "gender": "M",
	    "pica": "politici/Harry van Bommel.jpg"
    }
  },{
    "model": "denhaag.Politician",
    "pk": 18,
    "fields":{
      "name":"Louis Bontes",
      "party": 1,
      "desc": "Actief in: Buitenlandse Zaken,Binnenlandse Zaken en Koninkrijksrelaties,Defensie,Europese Zaken,Justitie,Volkshuisvesting, Ruimtelijke Ordening en Milieubeheer,Commissie voor de Werkwijze",
      "gender": "M",
	    "pica": "politici/Louis Bontes.jpg"
    }
  },{
    "model": "denhaag.Politician",
    "pk": 19,
    "fields":{
      "name":"Martin Bosma",
      "party": 1,
      "desc": "Actief in: Onderwijs, Cultuur en Wetenschap,Volksgezondheid, Welzijn en Sport,Jeugd en Gezin",
      "gender": "M",
	    "pica": "politici/Martin Bosma.jpg"
    }
  },{
    "model": "denhaag.Politician",
    "pk": 20,
    "fields":{
      "name":"André Bosman",
      "party": 3,
      "desc": "Actief in: Binnenlandse Zaken en Koninkrijksrelaties,Defensie,Landbouw, Natuur en Voedselkwaliteit,Nederlands-Antilliaanse en Arubaanse Zaken,Onderwijs, Cultuur en Wetenschap",
      "gender": "M",
	    "pica": "politici/André Bosman.jpg"
    }
  },{
    "model": "denhaag.Politician",
    "pk": 21,
    "fields":{
      "name":"Lea Bouwmeester",
      "party": 2,
      "desc": "Actief in: Wonen, Wijken en Integratie,Financiën,Justitie,Volksgezondheid, Welzijn en Sport,Jeugd en Gezin,Contactgroep Verenigd Koninkrijk",
      "gender": "F",
	    "pica": "politici/Lea Bouwmeester.jpg"
    }
  },{
    "model": "denhaag.Politician",
    "pk": 22,
    "fields":{
      "name":"Bruno Braakhuis",
      "party": 7,
      "desc": "Actief in: Buitenlandse Zaken,Defensie,Europese Zaken,Economische Zaken,Financiën,Landbouw, Natuur en Voedselkwaliteit,Onderwijs, Cultuur en Wetenschap,Rijksuitgaven,Volkshuisvesting, Ruimtelijke Ordening en Milieubeheer,Verkeer en Waterstaat,Tijdelijke commissie onderzoek financieel stelsel",
      "gender": "M",
	    "pica": "politici/Bruno Braakhuis.jpg"
    }
  },{
    "model": "denhaag.Politician",
    "pk": 23,
    "fields":{
      "name":"Hero Brinkman",
      "party": 1,
      "desc": "Actief in: Wonen, Wijken en Integratie,Binnenlandse Zaken en Koninkrijksrelaties,Defensie,Nederlands-Antilliaanse en Arubaanse Zaken",
      "gender": "M",
	    "pica": "politici/Hero Brinkman.jpg"
    }
  },{
    "model": "denhaag.Politician",
    "pk": 24,
    "fields":{
      "name":"Han ten Broeke",
      "party": 3,
      "desc": "Actief in: Buitenlandse Zaken,Defensie,Europese Zaken,Financiën,Contactgroep België,Delegatie naar de OVSE-Assemblee,Delegatie naar de Parlementaire Vergadering van de Raad van Europa,Europese Veiligheids- en Defensie Assemblee,Tijdelijke commissie subsidiariteitstoets",
      "gender": "M",
	    "pica": "politici/Han ten Broeke.jpg"
    }
  },{
    "model": "denhaag.Politician",
    "pk": 25,
    "fields":{
      "name":"Hanke Bruins Slot",
      "party": 6,
      "desc": "Actief in: Buitenlandse Zaken,Binnenlandse Zaken en Koninkrijksrelaties,Defensie,Europese Zaken,Volksgezondheid, Welzijn en Sport",
      "gender": "F",
	    "pica": "politici/Hanke Bruins Slot.jpg"
    }
  },{
    "model": "denhaag.Politician",
    "pk": 26,
    "fields":{
      "name":"Brigitte van der Burg",
      "party": 3,
      "desc": "Actief in: Binnenlandse Zaken en Koninkrijksrelaties,Justitie,Onderwijs, Cultuur en Wetenschap,Sociale Zaken en Werkgelegenheid,Jeugd en Gezin",
      "gender": "F",
	    "pica": "politici/Brigitte van der Burg.jpg"
    }
  },{
    "model": "denhaag.Politician",
    "pk": 27,
    "fields":{
      "name":"Metin Çelik",
      "party": 2,
      "desc": "Actief in: Binnenlandse Zaken en Koninkrijksrelaties,Onderwijs, Cultuur en Wetenschap,Sociale Zaken en Werkgelegenheid",
      "gender": "M",
	    "pica": "politici/Metin Çelik.jpg"
    }
  },{
    "model": "denhaag.Politician",
    "pk": 28,
    "fields":{
      "name":"Job Cohen",
      "party": 2,
      "desc": "Actief in: Commissie voor de Inlichtingen- en Veiligheidsdiensten",
      "gender": "M",
	    "pica": "politici/Job Cohen.jpg"
    }
  },{
    "model": "denhaag.Politician",
    "pk": 29,
    "fields":{
      "name":"Coskun Çörüz",
      "party": 6,
      "desc": "Actief in: Buitenlandse Zaken,Binnenlandse Zaken en Koninkrijksrelaties,Defensie,Europese Zaken,Justitie,Nederlands-Antilliaanse en Arubaanse Zaken,Jeugd en Gezin,Commissie voor de Verzoekschriften en de Burgerinitiatieven",
      "gender": "M",
	    "pica": "politici/Coskun Çörüz.jpg"
    }
  },{
    "model": "denhaag.Politician",
    "pk": 30,
    "fields":{
      "name":"Martijn van Dam",
      "party": 2,
      "desc": "Actief in: Buitenlandse Zaken,Defensie,Europese Zaken,Economische Zaken,Landbouw, Natuur en Voedselkwaliteit,Onderwijs, Cultuur en Wetenschap,Delegatie naar de Navo Assemblee",
      "gender": "M",
	    "pica": "politici/Martijn van Dam.jpg"
    }
  },{
    "model": "denhaag.Politician",
    "pk": 31,
    "fields":{
      "name":"Tjeerd van Dekken",
      "party": 2,
      "desc": "Actief in: Wonen, Wijken en Integratie,Landbouw, Natuur en Voedselkwaliteit,Volkshuisvesting, Ruimtelijke Ordening en Milieubeheer,Verkeer en Waterstaat,Volksgezondheid, Welzijn en Sport",
      "gender": "M",
	    "pica": "politici/Tjeerd van Dekken.jpg"
    }
  },{
    "model": "denhaag.Politician",
    "pk": 32,
    "fields":{
      "name":"Ineke Dezentjé Hamming-Bluemink",
      "party": 3,
      "desc": "Actief in: Wonen, Wijken en Integratie,Onderwijs, Cultuur en Wetenschap,Sociale Zaken en Werkgelegenheid,Jeugd en Gezin,Contactgroep Duitsland,Kunstcommissie,Commissie voor de Verzoekschriften en de Burgerinitiatieven",
      "gender": "F",
	    "pica": "politici/Ineke Dezentjé Hamming-Bluemink.jpg"
    }
  },{
    "model": "denhaag.Politician",
    "pk": 33,
    "fields":{
      "name":"Tofik Dibi",
      "party": 7,
      "desc": "Actief in: Wonen, Wijken en Integratie,Binnenlandse Zaken en Koninkrijksrelaties,Justitie,Nederlands-Antilliaanse en Arubaanse Zaken,Jeugd en Gezin",
      "gender": "M",
	    "pica": "politici/Tofik Dibi.jpg"
    }
  },{
    "model": "denhaag.Politician",
    "pk": 34,
    "fields":{
      "name":"Tony van Dijck",
      "party": 1,
      "desc": "Actief in: Economische Zaken,Financiën,Landbouw, Natuur en Voedselkwaliteit,Rijksuitgaven,Sociale Zaken en Werkgelegenheid",
      "gender": "M",
	    "pica": "politici/Tony van Dijck.jpg"
    }
  },{
    "model": "denhaag.Politician",
    "pk": 35,
    "fields":{
      "name":"Jasper van Dijk",
      "party": 4,
      "desc": "Actief in: Buitenlandse Zaken,Defensie,Europese Zaken,Nederlands-Antilliaanse en Arubaanse Zaken,Onderwijs, Cultuur en Wetenschap,Kunstcommissie",
      "gender": "M",
	    "pica": "politici/Jasper van Dijk.jpg"
    }
  },{
    "model": "denhaag.Politician",
    "pk": 36,
    "fields":{
      "name":"Elbert Dijkgraaf",
      "party": 8,
      "desc": "Actief in: Wonen, Wijken en Integratie,Buitenlandse Zaken,Binnenlandse Zaken en Koninkrijksrelaties,Defensie,Europese Zaken,Economische Zaken,Financiën,Justitie,Landbouw, Natuur en Voedselkwaliteit,Nederlands-Antilliaanse en Arubaanse Zaken,Onderwijs, Cultuur en Wetenschap,Rijksuitgaven,Sociale Zaken en Werkgelegenheid,Volkshuisvesting, Ruimtelijke Ordening en Milieubeheer,Verkeer en Waterstaat,Volksgezondheid, Welzijn en Sport,Jeugd en Gezin,Presidium",
      "gender": "M",
	    "pica": "politici/Elbert Dijkgraaf.jpg"
    }
  },{
    "model": "denhaag.Politician",
    "pk": 37,
    "fields":{
      "name":"Klaas Dijkhoff",
      "party": 3,
      "desc": "Actief in: Wonen, Wijken en Integratie,Buitenlandse Zaken,Defensie,Europese Zaken,Nederlands-Antilliaanse en Arubaanse Zaken",
      "gender": "M",
	    "pica": "politici/Klaas Dijkhoff.jpg"
    }
  },{
    "model": "denhaag.Politician",
    "pk": 38,
    "fields":{
      "name":"Sharon Dijksma",
      "party": 2,
      "desc": "Actief in: Binnenlandse Zaken en Koninkrijksrelaties,Nederlands-Antilliaanse en Arubaanse Zaken,Verkeer en Waterstaat",
      "gender": "F",
	    "pica": "politici/Sharon Dijksma.jpg"
    }
  },{
    "model": "denhaag.Politician",
    "pk": 39,
    "fields":{
      "name":"Pia Dijkstra",
      "party": 5,
      "desc": "Actief in: Onderwijs, Cultuur en Wetenschap,Sociale Zaken en Werkgelegenheid,Volksgezondheid, Welzijn en Sport,Jeugd en Gezin",
      "gender": "F",
	    "pica": "politici/Pia Dijkstra.jpg"
    }
  },{
    "model": "denhaag.Politician",
    "pk": 40,
    "fields":{
      "name":"Jeroen Dijsselbloem",
      "party": 2,
      "desc": "Actief in: Wonen, Wijken en Integratie,Justitie,Nederlands-Antilliaanse en Arubaanse Zaken,Sociale Zaken en Werkgelegenheid,Volkshuisvesting, Ruimtelijke Ordening en Milieubeheer,Jeugd en Gezin,Contactgroep Verenigd Koninkrijk,Commissie voor het Onderzoek van de Geloofsbrieven,Commissie voor de Werkwijze",
      "gender": "M",
	    "pica": "politici/Jeroen Dijsselbloem.jpg"
    }
  },{
    "model": "denhaag.Politician",
    "pk": 41,
    "fields":{
      "name":"Sjoera Dikkers",
      "party": 2,
      "desc": "Actief in: Buitenlandse Zaken,Europese Zaken,Landbouw, Natuur en Voedselkwaliteit",
      "gender": "F",
	    "pica": "politici/Sjoera Dikkers.jpg"
    }
  },{
    "model": "denhaag.Politician",
    "pk": 42,
    "fields":{
      "name":"Willie Dille",
      "party": 1,
      "desc": "Actief in: Onderwijs, Cultuur en Wetenschap,Sociale Zaken en Werkgelegenheid,Volksgezondheid, Welzijn en Sport,Jeugd en Gezin",
      "gender": "F",
	    "pica": "politici/Willie Dille.jpg"
    }
  },{
    "model": "denhaag.Politician",
    "pk": 43,
    "fields":{
      "name":"Johan Driessen",
      "party": 1,
      "desc": "Actief in: Wonen, Wijken en Integratie,Buitenlandse Zaken,Europese Zaken,Justitie",
      "gender": "M",
	    "pica": "politici/Johan Driessen.jpg"
    }
  },{
    "model": "denhaag.Politician",
    "pk": 44,
    "fields":{
      "name":"Angelien Eijsink",
      "party": 2,
      "desc": "Actief in: Buitenlandse Zaken,Defensie,Europese Zaken,Landbouw, Natuur en Voedselkwaliteit,Jeugd en Gezin,Delegatie naar de Navo Assemblee",
      "gender": "F",
	    "pica": "politici/Angelien Eijsink.jpg"
    }
  },{
    "model": "denhaag.Politician",
    "pk": 45,
    "fields":{
      "name":"Arjan El Fassed",
      "party": 7,
      "desc": "Actief in: Wonen, Wijken en Integratie,Buitenlandse Zaken,Defensie,Europese Zaken,Economische Zaken,Landbouw, Natuur en Voedselkwaliteit,Volkshuisvesting, Ruimtelijke Ordening en Milieubeheer",
      "gender": "M",
	    "pica": "politici/Arjan El Fassed.jpg"
    }
  },{
    "model": "denhaag.Politician",
    "pk": 46,
    "fields":{
      "name":"Ton Elias",
      "party": 3,
      "desc": "Actief in: Justitie,Landbouw, Natuur en Voedselkwaliteit,Onderwijs, Cultuur en Wetenschap,Volksgezondheid, Welzijn en Sport,Commissie voor de Werkwijze",
      "gender": "M",
	    "pica": "politici/Ton Elias.jpg"
    }
  },{
    "model": "denhaag.Politician",
    "pk": 47,
    "fields":{
      "name":"Andre Elissen",
      "party": 1,
      "desc": "Actief in: Binnenlandse Zaken en Koninkrijksrelaties,Europese Zaken,Justitie,Nederlands-Antilliaanse en Arubaanse Zaken,Commissie voor de Verzoekschriften en de Burgerinitiatieven",
      "gender": "M",
	    "pica": "politici/Andre Elissen.jpg"
    }
  },{
    "model": "denhaag.Politician",
    "pk": 48,
    "fields":{
      "name":"Kathleen Ferrier",
      "party": 6,
      "desc": "Actief in: Buitenlandse Zaken,Defensie,Europese Zaken,Onderwijs, Cultuur en Wetenschap,Volksgezondheid, Welzijn en Sport,Jeugd en Gezin,Delegatie naar de Euro-Mediterrane Parlementaire Assemblee,Delegatie naar de OVSE-Assemblee",
      "gender": "F",
	    "pica": "politici/Kathleen Ferrier.jpg"
    }
  },{
    "model": "denhaag.Politician",
    "pk": 49,
    "fields":{
      "name":"Sietse Fritsma",
      "party": 1,
      "desc": "Actief in: Wonen, Wijken en Integratie,Justitie,Nederlands-Antilliaanse en Arubaanse Zaken,Sociale Zaken en Werkgelegenheid",
      "gender": "M",
	    "pica": "politici/Sietse Fritsma.jpg"
    }
  },{
    "model": "denhaag.Politician",
    "pk": 50,
    "fields":{
      "name":"Ineke van Gent",
      "party": 7,
      "desc": "Actief in: Binnenlandse Zaken en Koninkrijksrelaties,Financiën,Landbouw, Natuur en Voedselkwaliteit,Nederlands-Antilliaanse en Arubaanse Zaken,Onderwijs, Cultuur en Wetenschap,Rijksuitgaven,Verkeer en Waterstaat,Presidium,Commissie voor de Verzoekschriften en de Burgerinitiatieven,Commissie voor de Werkwijze",
      "gender": "F",
	    "pica": "politici/Ineke van Gent.jpg"
    }
  },{
    "model": "denhaag.Politician",
    "pk": 51,
    "fields":{
      "name":"Karen Gerbrands",
      "party": 1,
      "desc": "Actief in: Landbouw, Natuur en Voedselkwaliteit,Onderwijs, Cultuur en Wetenschap,Rijksuitgaven,Sociale Zaken en Werkgelegenheid,Volksgezondheid, Welzijn en Sport",
      "gender": "F",
	    "pica": "politici/Karen Gerbrands.jpg"
    }
  },{
    "model": "denhaag.Politician",
    "pk": 52,
    "fields":{
      "name":"Henk van Gerven",
      "party": 4,
      "desc": "Actief in: Wonen, Wijken en Integratie,Landbouw, Natuur en Voedselkwaliteit,Volkshuisvesting, Ruimtelijke Ordening en Milieubeheer,Verkeer en Waterstaat,Volksgezondheid, Welzijn en Sport",
      "gender": "M",
	    "pica": "politici/Henk van Gerven.jpg"
    }
  },{
    "model": "denhaag.Politician",
    "pk": 53,
    "fields":{
      "name":"Sharon Gesthuizen",
      "party": 4,
      "desc": "Actief in: Binnenlandse Zaken en Koninkrijksrelaties,Economische Zaken,Financiën,Justitie,Rijksuitgaven,Commissie voor het Onderzoek van de Geloofsbrieven,Strategisch Overleg Informatievoorziening",
      "gender": "F",
	    "pica": "politici/Sharon Gesthuizen.jpg"
    }
  },{
    "model": "denhaag.Politician",
    "pk": 54,
    "fields":{
      "name":"Dion Graus",
      "party": 1,
      "desc": "Actief in: Economische Zaken,Financiën,Landbouw, Natuur en Voedselkwaliteit,Rijksuitgaven,Verkeer en Waterstaat,Tijdelijke commissie onderzoek financieel stelsel",
      "gender": "M",
	    "pica": "politici/Dion Graus.jpg"
    }
  },{
    "model": "denhaag.Politician",
    "pk": 55,
    "fields":{
      "name":"Ed Groot",
      "party": 2,
      "desc": "Actief in: Europese Zaken,Economische Zaken,Financiën,Rijksuitgaven,Volkshuisvesting, Ruimtelijke Ordening en Milieubeheer,Verkeer en Waterstaat",
      "gender": "M",
	    "pica": "politici/Ed Groot.jpg"
    }
  },{
    "model": "denhaag.Politician",
    "pk": 56,
    "fields":{
      "name":"Wassila Hachchi",
      "party": 5,
      "desc": "Actief in: Buitenlandse Zaken,Binnenlandse Zaken en Koninkrijksrelaties,Defensie,Europese Zaken,Justitie,Nederlands-Antilliaanse en Arubaanse Zaken",
      "gender": "F",
	    "pica": "politici/Wassila Hachchi.jpg"
    }
  },{
    "model": "denhaag.Politician",
    "pk": 57,
    "fields":{
      "name":"Sybrand van Haersma Buma",
      "party": 6,
      "desc": "Actief in: Wonen, Wijken en Integratie,Binnenlandse Zaken en Koninkrijksrelaties,Financiën,Justitie,Rijksuitgaven,Contactgroep Duitsland,Presidium",
      "gender": "M",
	    "pica": "politici/Sybrand van Haersma Buma.jpg"
    }
  },{
    "model": "denhaag.Politician",
    "pk": 58,
    "fields":{
      "name":"Femke Halsema",
      "party": 7,
      "desc": "Actief in: Buitenlandse Zaken,Defensie,Financiën,Justitie,Nederlands-Antilliaanse en Arubaanse Zaken,Rijksuitgaven,Volksgezondheid, Welzijn en Sport,Jeugd en Gezin,Contactgroep Verenigd Koninkrijk,Commissie voor de Inlichtingen- en Veiligheidsdiensten",
      "gender": "F",
	    "pica": "politici/Femke Halsema.jpg"
    }
  },{
    "model": "denhaag.Politician",
    "pk": 59,
    "fields":{
      "name":"Boris van der Ham",
      "party": 5,
      "desc": "Actief in: Landbouw, Natuur en Voedselkwaliteit,Onderwijs, Cultuur en Wetenschap,Sociale Zaken en Werkgelegenheid,Volkshuisvesting, Ruimtelijke Ordening en Milieubeheer,Verkeer en Waterstaat,Volksgezondheid, Welzijn en Sport,Jeugd en Gezin,Tijdelijke commissie subsidiariteitstoets",
      "gender": "M",
	    "pica": "politici/Boris van der Ham.jpg"
    }
  },{
    "model": "denhaag.Politician",
    "pk": 60,
    "fields":{
      "name":"Mariëtte Hamer",
      "party": 2,
      "desc": "Actief in: Onderwijs, Cultuur en Wetenschap,Rijksuitgaven,Sociale Zaken en Werkgelegenheid,Jeugd en Gezin,Presidium",
      "gender": "F",
	    "pica": "politici/Mariëtte Hamer.jpg"
    }
  },{
    "model": "denhaag.Politician",
    "pk": 61,
    "fields":{
      "name":"Mark Harbers",
      "party": 3,
      "desc": "Actief in: Buitenlandse Zaken,Europese Zaken,Landbouw, Natuur en Voedselkwaliteit,Onderwijs, Cultuur en Wetenschap,Verkeer en Waterstaat",
      "gender": "M",
	    "pica": "politici/Mark Harbers.jpg"
    }
  },{
    "model": "denhaag.Politician",
    "pk": 62,
    "fields":{
      "name":"Maarten Haverkamp",
      "party": 6,
      "desc": "Actief in: Delegatie naar de Navo Assemblee",
      "gender": "M",
	    "pica": "politici/Maarten Haverkamp.jpg"
    }
  },{
    "model": "denhaag.Politician",
    "pk": 63,
    "fields":{
      "name":"Pierre Heijnen",
      "party": 2,
      "desc": "Actief in: Wonen, Wijken en Integratie,Binnenlandse Zaken en Koninkrijksrelaties,Financiën,Nederlands-Antilliaanse en Arubaanse Zaken,Rijksuitgaven,Sociale Zaken en Werkgelegenheid,Bouwbegeleidingscommissie,Commissie voor de Werkwijze",
      "gender": "M",
	    "pica": "politici/Pierre Heijnen.jpg"
    }
  },{
    "model": "denhaag.Politician",
    "pk": 64,
    "fields":{
      "name":"Lilian Helder",
      "party": 1,
      "desc": "Actief in: Binnenlandse Zaken en Koninkrijksrelaties,Defensie,Justitie,Nederlands-Antilliaanse en Arubaanse Zaken,Contactgroep Duitsland,Commissie voor het Onderzoek van de Geloofsbrieven",
      "gender": "F",
	    "pica": "politici/Lilian Helder.jpg"
    }
  },{
    "model": "denhaag.Politician",
    "pk": 65,
    "fields":{
      "name":"Jeanine Hennis-Plasschaert",
      "party": 3,
      "desc": "Actief in: Binnenlandse Zaken en Koninkrijksrelaties,Europese Zaken,Justitie,Sociale Zaken en Werkgelegenheid",
      "gender": "F",
	    "pica": "politici/Jeanine Hennis-Plasschaert.jpg"
    }
  },{
    "model": "denhaag.Politician",
    "pk": 66,
    "fields":{
      "name":"Marcial Hernandez",
      "party": 1,
      "desc": "Actief in: Wonen, Wijken en Integratie,Buitenlandse Zaken,Binnenlandse Zaken en Koninkrijksrelaties,Defensie",
      "gender": "M",
	    "pica": "politici/Marcial Hernandez.jpg"
    }
  },{
    "model": "denhaag.Politician",
    "pk": 67,
    "fields":{
      "name":"Eddy van Hijum",
      "party": 6,
      "desc": "Actief in: Wonen, Wijken en Integratie,Economische Zaken,Financiën,Nederlands-Antilliaanse en Arubaanse Zaken,Onderwijs, Cultuur en Wetenschap,Rijksuitgaven,Sociale Zaken en Werkgelegenheid,Verkeer en Waterstaat,Tijdelijke commissie onderzoek financieel stelsel",
      "gender": "M",
	    "pica": "politici/Eddy van Hijum.jpg"
    }
  },{
    "model": "denhaag.Politician",
    "pk": 68,
    "fields":{
      "name":"Johan Houwers",
      "party": 3,
      "desc": "Actief in: Vergaderingen,Plenaire vergaderingen,Commissievergaderingen,Live debatten",
      "gender": "M",
	    "pica": "politici/Johan Houwers.jpg"
    }
  },{
    "model": "denhaag.Politician",
    "pk": 69,
    "fields":{
      "name":"Matthijs Huizing",
      "party": 3,
      "desc": "Actief in: Vergaderingen,Plenaire vergaderingen,Commissievergaderingen,Live debatten",
      "gender": "M",
	    "pica": "politici/Matthijs Huizing.jpg"
    }
  },{
    "model": "denhaag.Politician",
    "pk": 70,
    "fields":{
      "name":"Ewout Irrgang",
      "party": 4,
      "desc": "Actief in: Buitenlandse Zaken,Defensie,Europese Zaken,Economische Zaken,Financiën,Rijksuitgaven,Sociale Zaken en Werkgelegenheid",
      "gender": "M",
	    "pica": "politici/Ewout Irrgang.jpg"
    }
  },{
    "model": "denhaag.Politician",
    "pk": 71,
    "fields":{
      "name":"Tanja Jadnanansing",
      "party": 2,
      "desc": "Actief in: Economische Zaken,Onderwijs, Cultuur en Wetenschap,Jeugd en Gezin",
      "gender": "F",
	    "pica": "politici/Tanja Jadnanansing.jpg"
    }
  },{
    "model": "denhaag.Politician",
    "pk": 72,
    "fields":{
      "name":"Paulus Jansen",
      "party": 4,
      "desc": "Actief in: Wonen, Wijken en Integratie,Economische Zaken,Landbouw, Natuur en Voedselkwaliteit,Volkshuisvesting, Ruimtelijke Ordening en Milieubeheer,Verkeer en Waterstaat,Bouwbegeleidingscommissie",
      "gender": "M",
	    "pica": "politici/Paulus Jansen.jpg"
    }
  },{
    "model": "denhaag.Politician",
    "pk": 73,
    "fields":{
      "name":"Léon de Jong",
      "party": 1,
      "desc": "Actief in: Economische Zaken,Financiën,Sociale Zaken en Werkgelegenheid,Verkeer en Waterstaat,Jeugd en Gezin",
      "gender": "M",
	    "pica": "politici/Léon de Jong.jpg"
    }
  },{
    "model": "denhaag.Politician",
    "pk": 74,
    "fields":{
      "name":"Sadet Karabulut",
      "party": 4,
      "desc": "Actief in: Wonen, Wijken en Integratie,Economische Zaken,Financiën,Landbouw, Natuur en Voedselkwaliteit,Sociale Zaken en Werkgelegenheid,Verkeer en Waterstaat,Jeugd en Gezin,Delegatie naar de Raadgevende Interparlementaire Beneluxraad",
      "gender": "F",
	    "pica": "politici/Sadet Karabulut.jpg"
    }
  },{
    "model": "denhaag.Politician",
    "pk": 75,
    "fields":{
      "name":"Jesse Klaver",
      "party": 7,
      "desc": "Actief in: Economische Zaken,Onderwijs, Cultuur en Wetenschap,Sociale Zaken en Werkgelegenheid,Volksgezondheid, Welzijn en Sport",
      "gender": "M",
	    "pica": "politici/Jesse Klaver.jpg"
    }
  },{
    "model": "denhaag.Politician",
    "pk": 76,
    "fields":{
      "name":"Joram van Klaveren",
      "party": 1,
      "desc": "Actief in: Wonen, Wijken en Integratie,Onderwijs, Cultuur en Wetenschap,Sociale Zaken en Werkgelegenheid,Verkeer en Waterstaat,Jeugd en Gezin",
      "gender": "M",
	    "pica": "politici/Joram van Klaveren.jpg"
    }
  },{
    "model": "denhaag.Politician",
    "pk": 77,
    "fields":{
      "name":"Jetta Klijnsma",
      "party": 2,
      "desc": "Actief in: Economische Zaken,Onderwijs, Cultuur en Wetenschap,Sociale Zaken en Werkgelegenheid,Volksgezondheid, Welzijn en Sport",
      "gender": "F",
	    "pica": "politici/Jetta Klijnsma.jpg"
    }
  },{
    "model": "denhaag.Politician",
    "pk": 78,
    "fields":{
      "name":"Raymond Knops",
      "party": 6,
      "desc": "Actief in: Wonen, Wijken en Integratie,Buitenlandse Zaken,Binnenlandse Zaken en Koninkrijksrelaties,Defensie,Delegatie naar de Raadgevende Interparlementaire Beneluxraad,Delegatie naar de Navo Assemblee",
      "gender": "M",
	    "pica": "politici/Raymond Knops.jpg"
    }
  },{
    "model": "denhaag.Politician",
    "pk": 79,
    "fields":{
      "name":"Nine Kooiman",
      "party": 4,
      "desc": "Actief in: Justitie,Onderwijs, Cultuur en Wetenschap,Sociale Zaken en Werkgelegenheid,Volksgezondheid, Welzijn en Sport,Jeugd en Gezin",
      "gender": "F",
	    "pica": "politici/Nine Kooiman.jpg"
    }
  },{
    "model": "denhaag.Politician",
    "pk": 80,
    "fields":{
      "name":"Wouter Koolmees",
      "party": 5,
      "desc": "Actief in: Wonen, Wijken en Integratie,Economische Zaken,Financiën,Landbouw, Natuur en Voedselkwaliteit,Rijksuitgaven,Volkshuisvesting, Ruimtelijke Ordening en Milieubeheer,Verkeer en Waterstaat,Volksgezondheid, Welzijn en Sport",
      "gender": "M",
	    "pica": "politici/Wouter Koolmees.jpg"
    }
  },{
    "model": "denhaag.Politician",
    "pk": 81,
    "fields":{
      "name":"Ger Koopmans",
      "party": 6,
      "desc": "Actief in: Wonen, Wijken en Integratie,Economische Zaken,Landbouw, Natuur en Voedselkwaliteit,Verkeer en Waterstaat",
      "gender": "M",
	    "pica": "politici/Ger Koopmans.jpg"
    }
  },{
    "model": "denhaag.Politician",
    "pk": 82,
    "fields":{
      "name":"Ad Koppejan",
      "party": 6,
      "desc": "Actief in: Europese Zaken,Economische Zaken,Financiën,Landbouw, Natuur en Voedselkwaliteit,Rijksuitgaven,Sociale Zaken en Werkgelegenheid,Volkshuisvesting, Ruimtelijke Ordening en Milieubeheer,Verkeer en Waterstaat,Delegatie naar de Raadgevende Interparlementaire Beneluxraad",
      "gender": "M",
	    "pica": "politici/Ad Koppejan.jpg"
    }
  },{
    "model": "denhaag.Politician",
    "pk": 83,
    "fields":{
      "name":"Wim Kortenoeven",
      "party": 1,
      "desc": "Actief in: Buitenlandse Zaken,Defensie,Europese Zaken,Nederlands-Antilliaanse en Arubaanse Zaken,Contactgroep Verenigd Koninkrijk,Kunstcommissie",
      "gender": "M",
	    "pica": "politici/Wim Kortenoeven.jpg"
    }
  },{
    "model": "denhaag.Politician",
    "pk": 84,
    "fields":{
      "name":"Fatma Koşer Kaya",
      "party": 5,
      "desc": "Actief in: Financiën,Nederlands-Antilliaanse en Arubaanse Zaken,Onderwijs, Cultuur en Wetenschap,Rijksuitgaven,Sociale Zaken en Werkgelegenheid,Volksgezondheid, Welzijn en Sport,Jeugd en Gezin,Tijdelijke commissie onderzoek financieel stelsel",
      "gender": "F",
	    "pica": "politici/Fatma Koşer Kaya.jpg"
    }
  },{
    "model": "denhaag.Politician",
    "pk": 85,
    "fields":{
      "name":"Attje Kuiken",
      "party": 2,
      "desc": "Actief in: Binnenlandse Zaken en Koninkrijksrelaties,Nederlands-Antilliaanse en Arubaanse Zaken,Rijksuitgaven",
      "gender": "F",
	    "pica": "politici/Attje Kuiken.jpg"
    }
  },{
    "model": "denhaag.Politician",
    "pk": 86,
    "fields":{
      "name":"René Leegte",
      "party": 3,
      "desc": "Actief in: Vergaderingen,Plenaire vergaderingen,Commissievergaderingen,Live debatten",
      "gender": "M",
	    "pica": "politici/René Leegte.jpg"
    }
  },{
    "model": "denhaag.Politician",
    "pk": 87,
    "fields":{
      "name":"Renske Leijten",
      "party": 4,
      "desc": "Actief in: Volksgezondheid, Welzijn en Sport,Jeugd en Gezin",
      "gender": "F",
	    "pica": "politici/Renske Leijten.jpg"
    }
  },{
    "model": "denhaag.Politician",
    "pk": 88,
    "fields":{
      "name":"Bart De Liefde",
      "party": 3,
      "desc": "Actief in: Vergaderingen,Plenaire vergaderingen,Commissievergaderingen,Live debatten",
      "gender": "M",
	    "pica": "politici/Bart De Liefde.jpg"
    }
  },{
    "model": "denhaag.Politician",
    "pk": 89,
    "fields":{
      "name":"Helma Lodders",
      "party": 3,
      "desc": "Actief in: Wonen, Wijken en Integratie,Economische Zaken,Landbouw, Natuur en Voedselkwaliteit,Verkeer en Waterstaat",
      "gender": "F",
	    "pica": "politici/Helma Lodders.jpg"
    }
  },{
    "model": "denhaag.Politician",
    "pk": 90,
    "fields":{
      "name":"Eric Lucassen",
      "party": 1,
      "desc": "Actief in: Wonen, Wijken en Integratie,Defensie,Nederlands-Antilliaanse en Arubaanse Zaken",
      "gender": "M",
	    "pica": "politici/Eric Lucassen.jpg"
    }
  },{
    "model": "denhaag.Politician",
    "pk": 91,
    "fields":{
      "name":"Anne-Wil Lucas-Smeerdijk",
      "party": 3,
      "desc": "Actief in: Wonen, Wijken en Integratie,Landbouw, Natuur en Voedselkwaliteit,Volkshuisvesting, Ruimtelijke Ordening en Milieubeheer,Verkeer en Waterstaat",
      "gender": "F",
	    "pica": "politici/Anne-Wil Lucas-Smeerdijk.jpg"
    }
  },{
    "model": "denhaag.Politician",
    "pk": 92,
    "fields":{
      "name":"Anouchka van Miltenburg",
      "party": 3,
      "desc": "Actief in: Buitenlandse Zaken,Onderwijs, Cultuur en Wetenschap,Volksgezondheid, Welzijn en Sport,Jeugd en Gezin,Nederlandse Groep van de Interparlementaire Unie",
      "gender": "F",
	    "pica": "politici/Anouchka van Miltenburg.jpg"
    }
  },{
    "model": "denhaag.Politician",
    "pk": 93,
    "fields":{
      "name":"Jacques Monasch",
      "party": 2,
      "desc": "Actief in: Wonen, Wijken en Integratie,Defensie,Landbouw, Natuur en Voedselkwaliteit,Rijksuitgaven,Volkshuisvesting, Ruimtelijke Ordening en Milieubeheer,Verkeer en Waterstaat",
      "gender": "M",
	    "pica": "politici/Jacques Monasch.jpg"
    }
  },{
    "model": "denhaag.Politician",
    "pk": 94,
    "fields":{
      "name":"Richard de Mos",
      "party": 1,
      "desc": "Actief in: Landbouw, Natuur en Voedselkwaliteit,Onderwijs, Cultuur en Wetenschap,Volkshuisvesting, Ruimtelijke Ordening en Milieubeheer,Verkeer en Waterstaat,Jeugd en Gezin",
      "gender": "M",
	    "pica": "politici/Richard de Mos.jpg"
    }
  },{
    "model": "denhaag.Politician",
    "pk": 95,
    "fields":{
      "name":"Anne Mulder",
      "party": 3,
      "desc": "Actief in: Financiën,Justitie,Rijksuitgaven,Volksgezondheid, Welzijn en Sport,Commissie voor de Verzoekschriften en de Burgerinitiatieven",
      "gender": "M",
	    "pica": "politici/Anne Mulder.jpg"
    }
  },{
    "model": "denhaag.Politician",
    "pk": 96,
    "fields":{
      "name":"Helma Neppérus",
      "party": 3,
      "desc": "Actief in: Economische Zaken,Financiën,Volkshuisvesting, Ruimtelijke Ordening en Milieubeheer,Verkeer en Waterstaat,Volksgezondheid, Welzijn en Sport,Strategisch Overleg Informatievoorziening,Commissie voor de Verzoekschriften en de Burgerinitiatieven,Tijdelijke commissie onderzoek financieel stelsel",
      "gender": "F",
	    "pica": "politici/Helma Neppérus.jpg"
    }
  },{
    "model": "denhaag.Politician",
    "pk": 97,
    "fields":{
      "name":"Atzo Nicolaï",
      "party": 3,
      "desc": "Actief in: Buitenlandse Zaken,Defensie,Europese Zaken,Rijksuitgaven,Delegatie naar de Raadgevende Interparlementaire Beneluxraad,Interparlementaire commissie inzake de Nederlandse Taalunie",
      "gender": "M",
	    "pica": "politici/Atzo Nicolaï.jpg"
    }
  },{
    "model": "denhaag.Politician",
    "pk": 98,
    "fields":{
      "name":"Cora van Nieuwenhuizen",
      "party": 3,
      "desc": "Actief in: Economische Zaken,Rijksuitgaven,Volkshuisvesting, Ruimtelijke Ordening en Milieubeheer,Verkeer en Waterstaat,Volksgezondheid, Welzijn en Sport",
      "gender": "F",
	    "pica": "politici/Cora van Nieuwenhuizen.jpg"
    }
  },{
    "model": "denhaag.Politician",
    "pk": 99,
    "fields":{
      "name":"Pieter Omtzigt",
      "party": 6,
      "desc": "Actief in: Delegatie naar de Parlementaire Vergadering van de Raad van Europa,Europese Veiligheids- en Defensie Assemblee",
      "gender": "M",
	    "pica": "politici/Pieter Omtzigt.jpg"
    }
  },{
    "model": "denhaag.Politician",
    "pk": 100,
    "fields":{
      "name":"Henk Jan Ormel",
      "party": 6,
      "desc": "Actief in: Defensie,Europese Zaken,Justitie,Landbouw, Natuur en Voedselkwaliteit,Nederlands-Antilliaanse en Arubaanse Zaken,Volkshuisvesting, Ruimtelijke Ordening en Milieubeheer,Volksgezondheid, Welzijn en Sport,Delegatie naar de Raadgevende Interparlementaire Beneluxraad,Contactgroep Duitsland,Delegatie naar de Navo Assemblee,Tijdelijke commissie subsidiariteitstoets",
      "gender": "M",
	    "pica": "politici/Henk Jan Ormel.jpg"
    }
  },{
    "model": "denhaag.Politician",
    "pk": 101,
    "fields":{
      "name":"Cynthia Ortega-Martijn",
      "party": 9,
      "desc": "Actief in: Wonen, Wijken en Integratie,Economische Zaken,Landbouw, Natuur en Voedselkwaliteit,Nederlands-Antilliaanse en Arubaanse Zaken,Onderwijs, Cultuur en Wetenschap,Sociale Zaken en Werkgelegenheid,Volkshuisvesting, Ruimtelijke Ordening en Milieubeheer,Volksgezondheid, Welzijn en Sport,Contactgroep Verenigd Koninkrijk",
      "gender": "F",
	    "pica": "politici/Cynthia Ortega-Martijn.jpg"
    }
  },{
    "model": "denhaag.Politician",
    "pk": 102,
    "fields":{
      "name":"Esther Ouwehand",
      "party": 10,
      "desc": "Actief in: Buitenlandse Zaken,Binnenlandse Zaken en Koninkrijksrelaties,Defensie,Europese Zaken,Economische Zaken,Financiën,Justitie,Landbouw, Natuur en Voedselkwaliteit,Nederlands-Antilliaanse en Arubaanse Zaken,Onderwijs, Cultuur en Wetenschap,Rijksuitgaven,Sociale Zaken en Werkgelegenheid,Volkshuisvesting, Ruimtelijke Ordening en Milieubeheer,Verkeer en Waterstaat,Volksgezondheid, Welzijn en Sport,Jeugd en Gezin",
      "gender": "F",
	    "pica": "politici/Esther Ouwehand.jpg"
    }
  },{
    "model": "denhaag.Politician",
    "pk": 103,
    "fields":{
      "name":"Alexander Pechtold",
      "party": 5,
      "desc": "Actief in: Wonen, Wijken en Integratie,Buitenlandse Zaken,Binnenlandse Zaken en Koninkrijksrelaties,Defensie,Europese Zaken,Justitie,Nederlands-Antilliaanse en Arubaanse Zaken,Onderwijs, Cultuur en Wetenschap,Commissie voor de Inlichtingen- en Veiligheidsdiensten,Kunstcommissie,Tijdelijke commissie subsidiariteitstoets",
      "gender": "M",
	    "pica": "politici/Alexander Pechtold.jpg"
    }
  },{
    "model": "denhaag.Politician",
    "pk": 104,
    "fields":{
      "name":"Mariko Peters",
      "party": 7,
      "desc": "Actief in: Buitenlandse Zaken,Binnenlandse Zaken en Koninkrijksrelaties,Defensie,Europese Zaken,Justitie,Nederlands-Antilliaanse en Arubaanse Zaken,Onderwijs, Cultuur en Wetenschap,Verkeer en Waterstaat",
      "gender": "F",
	    "pica": "politici/Mariko Peters.jpg"
    }
  },{
    "model": "denhaag.Politician",
    "pk": 105,
    "fields":{
      "name":"Ronald Plasterk",
      "party": 2,
      "desc": "Actief in: Financiën,Rijksuitgaven,Verkeer en Waterstaat",
      "gender": "M",
	    "pica": "politici/Ronald Plasterk.jpg"
    }
  },{
    "model": "denhaag.Politician",
    "pk": 106,
    "fields":{
      "name":"Ronald van Raak",
      "party": 4,
      "desc": "Actief in: Buitenlandse Zaken,Binnenlandse Zaken en Koninkrijksrelaties,Defensie,Europese Zaken,Justitie,Nederlands-Antilliaanse en Arubaanse Zaken,Rijksuitgaven,Delegatie naar de Raadgevende Interparlementaire Beneluxraad,Interparlementaire commissie inzake de Nederlandse Taalunie,Commissie voor de emolumenten,Presidium,Commissie voor de Verzoekschriften en de Burgerinitiatieven,Commissie voor de Werkwijze",
      "gender": "M",
	    "pica": "politici/Ronald van Raak.jpg"
    }
  },{
    "model": "denhaag.Politician",
    "pk": 107,
    "fields":{
      "name":"Jeroen Recourt",
      "party": 2,
      "desc": "Actief in: Buitenlandse Zaken,Justitie,Nederlands-Antilliaanse en Arubaanse Zaken",
      "gender": "M",
	    "pica": "politici/Jeroen Recourt.jpg"
    }
  },{
    "model": "denhaag.Politician",
    "pk": 108,
    "fields":{
      "name":"Emile Roemer",
      "party": 4,
      "desc": "Actief in: Delegatie naar de Raadgevende Interparlementaire Beneluxraad,Commissie voor de Inlichtingen- en Veiligheidsdiensten",
      "gender": "M",
	    "pica": "politici/Emile Roemer.jpg"
    }
  },{
    "model": "denhaag.Politician",
    "pk": 109,
    "fields":{
      "name":"Raymond de Roon",
      "party": 1,
      "desc": "Actief in: Buitenlandse Zaken,Binnenlandse Zaken en Koninkrijksrelaties,Europese Zaken,Justitie,Tijdelijke commissie subsidiariteitstoets",
      "gender": "M",
	    "pica": "politici/Raymond de Roon.jpg"
    }
  },{
    "model": "denhaag.Politician",
    "pk": 110,
    "fields":{
      "name":"André Rouvoet",
      "party": 9,
      "desc": "Actief in: Financiën,Justitie,Rijksuitgaven,Commissie voor de Inlichtingen- en Veiligheidsdiensten",
      "gender": "M",
	    "pica": "politici/André Rouvoet.jpg"
    }
  },{
    "model": "denhaag.Politician",
    "pk": 111,
    "fields":{
      "name":"Sander de Rouwe",
      "party": 6,
      "desc": "Actief in: Economische Zaken,Nederlands-Antilliaanse en Arubaanse Zaken,Volkshuisvesting, Ruimtelijke Ordening en Milieubeheer,Verkeer en Waterstaat",
      "gender": "M",
	    "pica": "politici/Sander de Rouwe.jpg"
    }
  },{
    "model": "denhaag.Politician",
    "pk": 112,
    "fields":{
      "name":"Diederik Samsom",
      "party": 2,
      "desc": "Actief in: Buitenlandse Zaken,Defensie,Europese Zaken,Economische Zaken,Landbouw, Natuur en Voedselkwaliteit,Volkshuisvesting, Ruimtelijke Ordening en Milieubeheer,Verkeer en Waterstaat",
      "gender": "M",
	    "pica": "politici/Diederik Samsom.jpg"
    }
  },{
    "model": "denhaag.Politician",
    "pk": 113,
    "fields":{
      "name":"Jolande Sap",
      "party": 7,
      "desc": "Actief in: Financiën,Rijksuitgaven,Sociale Zaken en Werkgelegenheid,Volksgezondheid, Welzijn en Sport,Jeugd en Gezin",
      "gender": "F",
	    "pica": "politici/Jolande Sap.jpg"
    }
  },{
    "model": "denhaag.Politician",
    "pk": 114,
    "fields":{
      "name":"Afke Schaart",
      "party": 3,
      "desc": "Actief in: Binnenlandse Zaken en Koninkrijksrelaties,Economische Zaken,Financiën,Nederlands-Antilliaanse en Arubaanse Zaken,Volkshuisvesting, Ruimtelijke Ordening en Milieubeheer",
      "gender": "F",
	    "pica": "politici/Afke Schaart.jpg"
    }
  },{
    "model": "denhaag.Politician",
    "pk": 115,
    "fields":{
      "name":"Gerard Schouw",
      "party": 5,
      "desc": "Actief in: Buitenlandse Zaken,Binnenlandse Zaken en Koninkrijksrelaties,Europese Zaken,Justitie,Nederlands-Antilliaanse en Arubaanse Zaken,Commissie voor de Werkwijze",
      "gender": "M",
	    "pica": "politici/Gerard Schouw.jpg"
    }
  },{
    "model": "denhaag.Politician",
    "pk": 116,
    "fields":{
      "name":"James Sharpe",
      "party": 1,
      "desc": "Actief in: Europese Zaken,Economische Zaken,Volkshuisvesting, Ruimtelijke Ordening en Milieubeheer,Verkeer en Waterstaat,Volksgezondheid, Welzijn en Sport",
      "gender": "M",
	    "pica": "politici/James Sharpe.jpg"
    }
  },{
    "model": "denhaag.Politician",
    "pk": 117,
    "fields":{
      "name":"Arie Slob",
      "party": 9,
      "desc": "Actief in: Binnenlandse Zaken en Koninkrijksrelaties,Justitie,Onderwijs, Cultuur en Wetenschap,Verkeer en Waterstaat",
      "gender": "M",
	    "pica": "politici/Arie Slob.jpg"
    }
  },{
    "model": "denhaag.Politician",
    "pk": 118,
    "fields":{
      "name":"Pauline Smeets",
      "party": 2,
      "desc": "Actief in: Defensie,Economische Zaken,Financiën,Sociale Zaken en Werkgelegenheid,Volkshuisvesting, Ruimtelijke Ordening en Milieubeheer,Delegatie naar de Raadgevende Interparlementaire Beneluxraad,Contactgroep Duitsland",
      "gender": "F",
	    "pica": "politici/Pauline Smeets.jpg"
    }
  },{
    "model": "denhaag.Politician",
    "pk": 119,
    "fields":{
      "name":"Margreeth Smilde",
      "party": 6,
      "desc": "Actief in: Binnenlandse Zaken en Koninkrijksrelaties,Financiën,Justitie,Landbouw, Natuur en Voedselkwaliteit,Rijksuitgaven,Sociale Zaken en Werkgelegenheid,Volksgezondheid, Welzijn en Sport,Commissie voor het Onderzoek van de Geloofsbrieven,Commissie voor de Werkwijze",
      "gender": "F",
	    "pica": "politici/Margreeth Smilde.jpg"
    }
  },{
    "model": "denhaag.Politician",
    "pk": 120,
    "fields":{
      "name":"Manja Smits",
      "party": 4,
      "desc": "Actief in: Onderwijs, Cultuur en Wetenschap,Volkshuisvesting, Ruimtelijke Ordening en Milieubeheer,Jeugd en Gezin",
      "gender": "F",
	    "pica": "politici/Manja Smits.jpg"
    }
  },{
    "model": "denhaag.Politician",
    "pk": 121,
    "fields":{
      "name":"Janneke Snijder-Hazelhoff",
      "party": 3,
      "desc": "Actief in: Europese Zaken,Landbouw, Natuur en Voedselkwaliteit,Volkshuisvesting, Ruimtelijke Ordening en Milieubeheer,Verkeer en Waterstaat,Volksgezondheid, Welzijn en Sport",
      "gender": "F",
	    "pica": "politici/Janneke Snijder-Hazelhoff.jpg"
    }
  },{
    "model": "denhaag.Politician",
    "pk": 122,
    "fields":{
      "name":"Hans Spekman",
      "party": 2,
      "desc": "Actief in: Financiën,Justitie,Nederlands-Antilliaanse en Arubaanse Zaken,Sociale Zaken en Werkgelegenheid",
      "gender": "M",
	    "pica": "politici/Hans Spekman.jpg"
    }
  },{
    "model": "denhaag.Politician",
    "pk": 123,
    "fields":{
      "name":"Kees van der Staaij",
      "party": 8,
      "desc": "Actief in: Wonen, Wijken en Integratie,Buitenlandse Zaken,Binnenlandse Zaken en Koninkrijksrelaties,Defensie,Europese Zaken,Economische Zaken,Financiën,Justitie,Landbouw, Natuur en Voedselkwaliteit,Nederlands-Antilliaanse en Arubaanse Zaken,Onderwijs, Cultuur en Wetenschap,Rijksuitgaven,Sociale Zaken en Werkgelegenheid,Volkshuisvesting, Ruimtelijke Ordening en Milieubeheer,Verkeer en Waterstaat,Volksgezondheid, Welzijn en Sport,Jeugd en Gezin,Commissie voor de Inlichtingen- en Veiligheidsdiensten,Commissie voor de Werkwijze",
      "gender": "M",
	    "pica": "politici/Kees van der Staaij.jpg"
    }
  },{
    "model": "denhaag.Politician",
    "pk": 124,
    "fields":{
      "name":"Mirjam Sterk",
      "party": 6,
      "desc": "Actief in: Wonen, Wijken en Integratie,Binnenlandse Zaken en Koninkrijksrelaties,Justitie,Nederlands-Antilliaanse en Arubaanse Zaken,Onderwijs, Cultuur en Wetenschap,Volksgezondheid, Welzijn en Sport,Jeugd en Gezin,Contactgroep Duitsland",
      "gender": "F",
	    "pica": "politici/Mirjam Sterk.jpg"
    }
  },{
    "model": "denhaag.Politician",
    "pk": 125,
    "fields":{
      "name":"Ard van der Steur",
      "party": 3,
      "desc": "Actief in: Buitenlandse Zaken,Binnenlandse Zaken en Koninkrijksrelaties,Economische Zaken,Justitie,Nederlands-Antilliaanse en Arubaanse Zaken",
      "gender": "M",
	    "pica": "politici/Ard van der Steur.jpg"
    }
  },{
    "model": "denhaag.Politician",
    "pk": 126,
    "fields":{
      "name":"Karin Straus",
      "party": 3,
      "desc": "Actief in: Vergaderingen,Plenaire vergaderingen,Commissievergaderingen,Live debatten",
      "gender": "F",
	    "pica": "politici/Karin Straus.jpg"
    }
  },{
    "model": "denhaag.Politician",
    "pk": 127,
    "fields":{
      "name":"Joost Taverne",
      "party": 3,
      "desc": "Actief in: Vergaderingen,Plenaire vergaderingen,Commissievergaderingen,Live debatten",
      "gender": "M",
	    "pica": "politici/Joost Taverne.jpg"
    }
  },{
    "model": "denhaag.Politician",
    "pk": 128,
    "fields":{
      "name":"Marianne Thieme",
      "party": 10,
      "desc": "Actief in: Wonen, Wijken en Integratie,Buitenlandse Zaken,Binnenlandse Zaken en Koninkrijksrelaties,Defensie,Europese Zaken,Economische Zaken,Financiën,Justitie,Landbouw, Natuur en Voedselkwaliteit,Nederlands-Antilliaanse en Arubaanse Zaken,Onderwijs, Cultuur en Wetenschap,Rijksuitgaven,Sociale Zaken en Werkgelegenheid,Volkshuisvesting, Ruimtelijke Ordening en Milieubeheer,Verkeer en Waterstaat,Volksgezondheid, Welzijn en Sport,Commissie voor de Inlichtingen- en Veiligheidsdiensten",
      "gender": "F",
	    "pica": "politici/Marianne Thieme.jpg"
    }
  },{
    "model": "denhaag.Politician",
    "pk": 129,
    "fields":{
      "name":"Frans Timmermans",
      "party": 2,
      "desc": "Actief in: Buitenlandse Zaken,Binnenlandse Zaken en Koninkrijksrelaties,Europese Zaken,Justitie,Nederlands-Antilliaanse en Arubaanse Zaken,Contactgroep Duitsland",
      "gender": "M",
	    "pica": "politici/Frans Timmermans.jpg"
    }
  },{
    "model": "denhaag.Politician",
    "pk": 130,
    "fields":{
      "name":"Liesbeth van Tongeren",
      "party": 7,
      "desc": "Actief in: Europese Zaken,Economische Zaken,Landbouw, Natuur en Voedselkwaliteit,Volkshuisvesting, Ruimtelijke Ordening en Milieubeheer,Verkeer en Waterstaat",
      "gender": "F",
	    "pica": "politici/Liesbeth van Tongeren.jpg"
    }
  },{
    "model": "denhaag.Politician",
    "pk": 131,
    "fields":{
      "name":"Madeleine van Toorenburg",
      "party": 6,
      "desc": "Actief in: Justitie,Nederlands-Antilliaanse en Arubaanse Zaken,Onderwijs, Cultuur en Wetenschap,Sociale Zaken en Werkgelegenheid,Volkshuisvesting, Ruimtelijke Ordening en Milieubeheer,Jeugd en Gezin",
      "gender": "F",
	    "pica": "politici/Madeleine van Toorenburg.jpg"
    }
  },{
    "model": "denhaag.Politician",
    "pk": 132,
    "fields":{
      "name":"Sabine Uitslag",
      "party": 6,
      "desc": "Actief in: Landbouw, Natuur en Voedselkwaliteit,Onderwijs, Cultuur en Wetenschap,Sociale Zaken en Werkgelegenheid,Verkeer en Waterstaat,Volksgezondheid, Welzijn en Sport,Jeugd en Gezin,Contactgroep Duitsland",
      "gender": "F",
	    "pica": "politici/Sabine Uitslag.jpg"
    }
  },{
    "model": "denhaag.Politician",
    "pk": 133,
    "fields":{
      "name":"Paul Ulenbelt",
      "party": 4,
      "desc": "Actief in: Sociale Zaken en Werkgelegenheid,Volksgezondheid, Welzijn en Sport",
      "gender": "M",
	    "pica": "politici/Paul Ulenbelt.jpg"
    }
  },{
    "model": "denhaag.Politician",
    "pk": 134,
    "fields":{
      "name":"Eelke van der Veen",
      "party": 2,
      "desc": "Actief in: Economische Zaken,Financiën,Rijksuitgaven,Volksgezondheid, Welzijn en Sport",
      "gender": "M",
	    "pica": "politici/Eelke van der Veen.jpg"
    }
  },{
    "model": "denhaag.Politician",
    "pk": 135,
    "fields":{
      "name":"Stientje van Veldhoven",
      "party": 5,
      "desc": "Actief in: Wonen, Wijken en Integratie,Buitenlandse Zaken,Defensie,Europese Zaken,Economische Zaken,Financiën,Landbouw, Natuur en Voedselkwaliteit,Rijksuitgaven,Volkshuisvesting, Ruimtelijke Ordening en Milieubeheer,Verkeer en Waterstaat",
      "gender": "F",
	    "pica": "politici/Stientje van Veldhoven.jpg"
    }
  },{
    "model": "denhaag.Politician",
    "pk": 136,
    "fields":{
      "name":"Tamara Venrooy-van Ark",
      "party": 3,
      "desc": "Actief in: Onderwijs, Cultuur en Wetenschap,Sociale Zaken en Werkgelegenheid,Volksgezondheid, Welzijn en Sport,Jeugd en Gezin",
      "gender": "F",
	    "pica": "politici/Tamara Venrooy-van Ark.jpg"
    }
  },{
    "model": "denhaag.Politician",
    "pk": 137,
    "fields":{
      "name":"Gerdi Verbeet",
      "party": 2,
      "desc": "Actief in: Vergaderingen,Plenaire vergaderingen,Commissievergaderingen,Live debatten",
      "gender": "F",
	    "pica": "politici/Gerdi Verbeet.jpg"
    }
  },{
    "model": "denhaag.Politician",
    "pk": 138,
    "fields":{
      "name":"Gerda Verburg",
      "party": 6,
      "desc": "Actief in: Vergaderingen,Plenaire vergaderingen,Commissievergaderingen,Live debatten",
      "gender": "F",
	    "pica": "politici/Gerda Verburg.jpg"
    }
  },{
    "model": "denhaag.Politician",
    "pk": 139,
    "fields":{
      "name":"Kees Verhoeven",
      "party": 5,
      "desc": "Actief in: Wonen, Wijken en Integratie,Economische Zaken,Financiën,Landbouw, Natuur en Voedselkwaliteit,Sociale Zaken en Werkgelegenheid,Volkshuisvesting, Ruimtelijke Ordening en Milieubeheer,Verkeer en Waterstaat",
      "gender": "M",
	    "pica": "politici/Kees Verhoeven.jpg"
    }
  },{
    "model": "denhaag.Politician",
    "pk": 140,
    "fields":{
      "name":"Roos Vermeij",
      "party": 2,
      "desc": "Actief in: Buitenlandse Zaken,Binnenlandse Zaken en Koninkrijksrelaties,Financiën,Rijksuitgaven,Sociale Zaken en Werkgelegenheid,Volkshuisvesting, Ruimtelijke Ordening en Milieubeheer,Verkeer en Waterstaat,Volksgezondheid, Welzijn en Sport,Tijdelijke commissie onderzoek financieel stelsel",
      "gender": "F",
	    "pica": "politici/Roos Vermeij.jpg"
    }
  },{
    "model": "denhaag.Politician",
    "pk": 141,
    "fields":{
      "name":"Roland van Vliet",
      "party": 1,
      "desc": "Actief in: Economische Zaken,Financiën,Landbouw, Natuur en Voedselkwaliteit,Rijksuitgaven,Volkshuisvesting, Ruimtelijke Ordening en Milieubeheer",
      "gender": "M",
	    "pica": "politici/Roland van Vliet.jpg"
    }
  },{
    "model": "denhaag.Politician",
    "pk": 142,
    "fields":{
      "name":"Joël Voordewind",
      "party": 9,
      "desc": "Actief in: Wonen, Wijken en Integratie,Buitenlandse Zaken,Defensie,Europese Zaken,Nederlands-Antilliaanse en Arubaanse Zaken,Jeugd en Gezin,Contactgroep Frankrijk",
      "gender": "M",
	    "pica": "politici/Joël Voordewind.jpg"
    }
  },{
    "model": "denhaag.Politician",
    "pk": 143,
    "fields":{
      "name":"Linda Voortman",
      "party": 7,
      "desc": "Actief in: Wonen, Wijken en Integratie,Binnenlandse Zaken en Koninkrijksrelaties,Justitie,Sociale Zaken en Werkgelegenheid,Volkshuisvesting, Ruimtelijke Ordening en Milieubeheer,Volksgezondheid, Welzijn en Sport,Jeugd en Gezin",
      "gender": "F",
	    "pica": "politici/Linda Voortman.jpg"
    }
  },{
    "model": "denhaag.Politician",
    "pk": 144,
    "fields":{
      "name":"Esmé Wiegman-van Meppelen Scheppink",
      "party": 9,
      "desc": "Actief in: Buitenlandse Zaken,Defensie,Europese Zaken,Economische Zaken,Landbouw, Natuur en Voedselkwaliteit,Volkshuisvesting, Ruimtelijke Ordening en Milieubeheer,Volksgezondheid, Welzijn en Sport,Jeugd en Gezin,Contactgroep Duitsland,Presidium,Tijdelijke commissie subsidiariteitstoets",
      "gender": "F",
	    "pica": "politici/Esmé Wiegman-van Meppelen Scheppink.jpg"
    }
  },{
    "model": "denhaag.Politician",
    "pk": 145,
    "fields":{
      "name":"Geert Wilders",
      "party": 1,
      "desc": "Actief in: Buitenlandse Zaken,Delegatie naar de Navo Assemblee,Commissie voor de Inlichtingen- en Veiligheidsdiensten",
      "gender": "M",
	    "pica": "politici/Geert Wilders.jpg"
    }
  },{
    "model": "denhaag.Politician",
    "pk": 146,
    "fields":{
      "name":"Jan de Wit",
      "party": 4,
      "desc": "Actief in: Binnenlandse Zaken en Koninkrijksrelaties,Justitie",
      "gender": "M",
	    "pica": "politici/Jan de Wit.jpg"
    }
  },{
    "model": "denhaag.Politician",
    "pk": 147,
    "fields":{
      "name":"Agnes Wolbert",
      "party": 2,
      "desc": "Actief in: Wonen, Wijken en Integratie,Binnenlandse Zaken en Koninkrijksrelaties,Defensie,Nederlands-Antilliaanse en Arubaanse Zaken,Volksgezondheid, Welzijn en Sport,Jeugd en Gezin,Contactgroep Duitsland",
      "gender": "F",
	    "pica": "politici/Agnes Wolbert.jpg"
    }
  },{
    "model": "denhaag.Politician",
    "pk": 148,
    "fields":{
      "name":"Erik Ziengs",
      "party": 3,
      "desc": "Actief in: Economische Zaken,Landbouw, Natuur en Voedselkwaliteit,Onderwijs, Cultuur en Wetenschap,Volkshuisvesting, Ruimtelijke Ordening en Milieubeheer",
      "gender": "M",
	    "pica": "politici/Erik Ziengs.jpg"
    }
  },
  {
    "model": "denhaag.Static",
    "pk": 1,
    "fields":{
      "slug":"contact",
      "title":"Contact / Pers",
      "page":"<h2>Contact</h2><p>Als je vragen of opmerkingen hebt over Dichterbij Den Haag, neem dan gerust contact op met:</p><address>Daphne van der Kroft<br />+31 (0)6 4280 0968<br /><a href=\"mailto:daphne.vanderkroft@bof.nl\">daphne.vanderkroft@bof.nl</a></address><p>Je kunt ook contact opnemen via de verschillende sociale media waar we aanwezig zijn:</p><ul><li><a href=\"https://www.linkedin.com/groups?home=&amp;gid=2677586\">LinkedIn</a></li><li><a href=\"https://twitter.com/bitsoffreedom\">Twitter</a></li><li><a href=\"https://www.facebook.com/BitsofFreedom\">Facebook</a></li><li><a href=\"https://www.bof.nl/rss/\">RSS</a></li></ul><h2>Pers</h2><p>Lorizzle own yo' fo shizzle gangsta amizzle, shizzlin dizzle adipiscing elit. Nullam sapien velizzle, go to hizzle volutpizzle, suscipizzle quizzle, brizzle vizzle, arcu. Pellentesque fizzle tortizzle. Sizzle eros. Fusce izzle fizzle dapibizzle turpis pizzle tempor. Doggy pellentesque nibh et get down get down. Break it down izzle izzle. Uhuh ... yih! pimpin' rhoncizzle yo. In gangster habitasse owned dictumst. Donec ghetto. That's the shizzle tellizzle break it down, pretizzle daahng dawg, mattizzle that's the shizzle, eleifend vitae, nunc. Owned check it out. Integizzle sempizzle stuff sizzle boom shackalack.</p>"
     }
  },
  {
    "model": "denhaag.Static",
    "pk": 2,
    "fields":{
      "slug":"over",
      "title":"Over deze site",
      "page":"<h2>Over Dichter bij Den Haag</h2><p>Geregeld horen we over een groeiende kloof tussen burgers en politici in Nederland, terwijl het nog nooit zo makkelijk was om met elkaar in contact te komen. Dichter bij Den Haag helpt alle Nederlanders om met politici in contact te komen, door de contactgegevens van politici op één plek samen te voegen. <p>Dichter bij Den Haag is een initiatief van <a href=\"https://www.bof.nl/\">Bits of Freedom</a>. Het ontwerp is van <a href=\"http://www.martijnbroekman.nl/\">Martijn Broekman</a>. Dichter bij Den Haag is ontwikkeld door talloze vrijwilligers, waaronder <a href=\"http://freshway.biz/\">Arnoud Vermeer</a>, <a href=\"about:blank\">Ilja Kamps</a>, <a href=\"https://twitter.com/praseodym\">Mark Janssen</a>,<a href=\"about:blank\">Tycho Bismeijer</a>, <a href=\"http://www.largetosti.com/\">Sjef van Gaalen</a>, <a href=\"http://eth-0.nl\">Jan Klopper</a>, <a href=\"https://www.twitter.com/floorter\">Floor Terra</a> en <a href=\"http://www.jeroenvandergun.nl/\">Jeroen van der Gun</a>. De ontwikkelingsomgeving is door <a href=\"http://high5.net/\">High5!</a> ter beschikking gesteld. Pizza's en Mate in de late uurtjes zijn gedoneerd door de <a href=\"http://hxxfoundation.nl/\">Stichting HXX</a>.</p><p>Zijn we je naam vergeten, heb je tips of suggesties? Laat het ons weten op <a href=\"mailto:info@dichterbijdenhaag.nl\">info@dichterbijdenhaag.nl</a>.</p></p>"
     }
  },
  {
    "model": "denhaag.Static",
    "pk": 3,
    "fields":{
      "slug":"privacy",
      "title":"Privacyverklaring",
      "page":"<h2>Privacy</h2><p>Dichter bij Den Haag wordt onderhouden door <a href=\"https://www.bof.nl/\">Bits of Freedom</a>. Bits of Freedom komt op voor vrijheid en privacy op internet. Voor haar activiteiten, websites en mailinglijsten hanteert Bits of Freedom daarom een helder privacy-beleid.</p><!-- Big brother is watching you!!!11!11!1! --><p><a href=\"https://www.bof.nl/home/privacy-verklaring/\">Lees hier meer over het privacy-beleid van Bits of Freedom.</a></p>"
     }
  },
  {
    "model": "denhaag.Static",
    "pk": 4,
    "fields":{
      "slug":"regels",
      "title":"Huisregels",
      "page":"<h2>Huisregels voor deze website</h2><p><strong>Bedankt dat je meedoet op onze site! We zijn grote voorstanders van het delen van kennis en de vrijheid van meningsuiting. Deel je zorgen met politici. Ga met ze in discussie. Maar doe dat kritisch, opbouwend, informatief zodat politici ook naar je luisteren.</strong></p><p>Weet jij meer over een onderwerp? Deel je kennis, laat het ons weten. En deel je ervaringen met een campagne in de reacties. We en de andere bezoekers leren graag van je. Maken we feitelijke fouten? Stuur dan gelijk de bron mee waaruit de fout blijkt. We zullen de fout dan zo snel mogelijk herstellen. En zijn er nieuwe ontwikkelingen? Hou ons op de hoogte.</p><p>Maar gebruik Dichter bij Den Haag verstandig; zorg dat politici ook blijven luisteren:</p><ul><li>Gebruik Dichter bij Den Haag niet om discriminerende opmerkingen, zoals racistische, seksistische of homofobe opmerkingen naar politici te sturen of in de reacties achter te laten.</li><li>Gebruik geen grof taalgebruik in je boodschappen aan politici of in de reacties.</li><li>Gebruik Dichter bij Den Haag niet als reclamezuil.</li><li>Gebruik Dichter bij Den Haag niet voor teksten waar met alle goede wil van de wereld geen touw aan vast te knopen.</li></ul><p>Wij schrijven onze eigen teksten, of gebruiken materiaal dat beschikbaar is onder een <a href=\"http://creativecommons.org/licenses/by-nc-sa/3.0/nl/\">Creative Commons-licentie</a> en proberen zoveel mogelijk onze bronnen te vermelden. Doe dat zelf ook in je reacties.</p>"
     }
  }
]
